Name;Mass (MJ);Radius (RJ);Period (days);Semi-major axis (AU);Discovery method;Disc. Year;Distance (ly);Host star mass (Ms);Host star temp. (K)
HD 114762 b;10.98;1.11;83.9151;0.353;radial vel.;1989;132.3;0.83;5673
55 Cancri e;0.02542;0.17;0.736539;0.01544;radial vel.;2004;40.9;0.91;5196
COROT-2b;3.47;1.466;1.7429935;0.02798;transit;2008;650;0.96;5625
COROT-7b;0.018;0.141;0.85359159;0.017016;transit;2009;501;0.91;5259
COROT-9b;0.84;1.05;95.2738;0.407;transit;2009;1500;0.99;5625
HAT-P-1b;0.525;1.319;4.46529976;0.05561;transit;2006;450;1.15;5980
HAT-P-2b;9.09;1.157;5.6334729;0.06878;transit;2007;441.4;1.36;6290
HAT-P-3b;0.591;0.827;2.899736;0.03866;transit;2007;450;0.92;5185
HAT-P-4b;0.671;1.274;3.056536;0.04438;transit;2007;1020;1.26;5860
HAT-P-5b;1.06;1.26;2.788491;0.04075;transit;2007;1100;1.16;5960
HAT-P-6b;1.057;1.33;3.852985;0.05235;transit;2007;850;1.29;6570
HAT-P-7b;1.682;1.491;2.2047372;0.03676;transit;2008;1000;1.47;6441
HAT-P-8b;1.52;1.5;3.0763776;0.0487;transit;2008;750;1.28;6200
HAT-P-9b;0.78;1.4;3.92289;0.053;transit;2008;1600;1.28;6350
HAT-P-11b;0.081;0.422;4.8878162;0.053;transit;2008;120;0.81;4780
HAT-P-12b;0.211;0.959;3.2130598;0.0384;transit;2009;465;0.73;4650
HD 17156 b;3.22;1.02;21.21663;0.1614;radial vel.;2007;240;1.24;6100
HD 63454 b;0.398;1.098;2.818049;0.0368;radial vel.;2005;117;0.84;4840
HD 80606 b;3.94;0.98;111.4357;0.449;radial vel.;2001;94.7;0.97;5645
Kepler-4b;0.077;0.357;3.21346;0.0456;transit;2009;1800;1.22;5857
Lupus-TR-3b;0.81;0.89;3.91405;0.0464;transit;2007;6500;0.87;5000
OGLE-TR-113b;1.26;1.093;1.4324752;0.02289;transit;2004;2000;0.78;4790
OGLE-TR-132b;1.18;1.2;1.689868;0.03035;transit;2004;8200;1.3;6210
TrES-1b;0.752;1.067;3.030065;0.03925;transit;2004;490;0.88;5230
TrES-2b;1.197;1.247;2.47061317;0.0367;transit;2006;690;0.98;5850
TrES-3b;1.91;1.336;1.30618581;0.02282;transit;2007;740;0.93;5650
TrES-4b;0.494;1.838;3.55392771;0.0516;transit;2007;1600;1.45;6295
WASP-2b;0.915;1.071;2.152226;0.03138;transit;2007;540;0.89;5200
WASP-3b;1.98;1.4;1.8468355;0.0315;transit;2007;720;1.23;6400
WASP-5b;1.58;1.087;1.6284279;0.0267;transit;2008;980;0.96;5700
WASP-7b;0.96;1.33;4.954658;0.0618;transit;2008;460;1.28;6400
WASP-10b;3.15;1.08;3.0927616;0.03781;transit;2008;290;0.75;4675
WASP-11b;0.487;1.005;3.7224747;0.0435;transit;2008;397;0.83;4980
WASP-13b;0.477;1.389;4.353011;0.05362;transit;2009;510;1.09;5826
WASP-14b;7.341;1.281;2.243752;0.036;transit;2008;520;1.21;6475
WASP-17b;0.486;1.991;3.735438;0.0515;transit;2009;1300;1.31;6650
WASP-18b;10.43;1.165;0.94145299;0.02026;transit;2009;344.1;1.28;6400
WASP-19b;1.069;1.392;0.78883899;0.01634;transit;2009;820;0.9;5568
XO-1b;0.92;1.21;3.94150685;0.049;transit;2006;560;1.03;5750
XO-2Nb;0.597;1.019;2.61585922;0.03673;transit;2007;475;0.97;5332
XO-3b;11.79;1.217;3.1915239;0.0454;transit;2007;570;1.21;6429
XO-5b;1.19;1.14;4.1877558;0.0515;transit;2008;850;1.04;5430
COROT-8b;0.22;0.57;6.21229;0.063;transit;2010;1200;0.88;5080
COROT-10b;2.75;0.97;13.2406;0.1055;transit;2010;1130;0.89;5075
COROT-11b;2.33;1.43;2.99433;0.0436;transit;2010;1800;1.27;6440
COROT-12b;0.917;1.44;2.828042;0.04016;transit;2010;3800;1.08;5675
COROT-13b;1.308;0.885;4.03519;0.051;transit;2010;3500;1.09;5945
COROT-14b;7.6;1.09;1.51214;0.027;transit;2010;4400;1.13;6035
HAT-P-14b;2.232;1.15;4.627669;0.0606;transit;2010;670;1.39;6600
HAT-P-15b;1.946;1.072;10.863502;0.0964;transit;2010;620;1.01;5568
HAT-P-16b;4.193;1.289;2.77596;0.0413;transit;2010;770;1.22;6158
HAT-P-17b;0.534;1.01;10.338523;0.0882;transit;2010;290;0.86;5246
HAT-P-18b;0.197;0.995;5.508023;0.0559;transit;2010;540;0.77;4803
HAT-P-19b;0.292;1.132;4.008778;0.0466;transit;2010;700;0.84;4990
HAT-P-20b;7.246;0.867;2.875317;0.0361;transit;2010;230;0.76;4595
HAT-P-21b;4.063;1.024;4.124481;0.0494;transit;2010;830;0.95;5588
HAT-P-22b;2.147;1.08;3.21222;0.0414;transit;2010;270;0.92;5302
HAT-P-23b;2.07;1.224;1.21288287;0.02302;transit;2010;1280;1.1;5885
HAT-P-24b;0.685;1.242;3.35524;0.0465;transit;2010;1290;1.19;6373
HAT-P-25b;0.567;1.19;3.652836;0.0466;transit;2010;970;1.01;5500
HAT-P-26b;0.059;0.565;4.234516;0.0479;transit;2010;440;0.82;5079
HD 97658 b;0.02473;0.209;9.4909;0.0796;radial vel.;2010;69;0.75;5119
Kepler-8b;0.59;1.416;3.5224991;0.0474;transit;2010;4300;1.21;6213
Kepler-9b;0.252;0.842;19.24;0.14;transit;2010;2100;1.07;5777
Kepler-9c;0.171;0.823;38.91;0.225;transit;2010;2100;1.07;5777
Kepler-11b;0.006;0.161;10.3039;0.091;transit;2010;2000;0.96;5663
Kepler-11c;0.009;0.256;13.0241;0.107;transit;2010;2000;0.96;5663
Kepler-11d;0.023;0.278;22.6845;0.155;transit;2010;2000;0.96;5663
Kepler-11e;0.025;0.374;31.9996;0.195;transit;2010;2000;0.96;5663
Kepler-11f;0.006;0.222;46.6888;0.25;transit;2010;2000;0.96;5663
Kepler-11g;0.079;0.297;118.3807;0.466;transit;2010;2000;0.96;5663
Kepler-40b;2.2;1.17;6.87349;0.08;transit;2010;8800;1.48;6510
WASP-8b;2.244;1.038;8.158715;0.0801;transit;2010;280;1.03;5600
WASP-21b;0.3;1.07;4.322482;0.052;transit;2010;790;0.89;5800
WASP-22b;0.617;1.199;3.53273064;0.0489;transit;2010;980;1.25;6153
WASP-26b;1.028;1.281;2.7566004;0.03985;transit;2010;820;1.11;5939
WASP-29b;0.244;0.792;3.922727;0.0457;transit;2010;230;0.82;4800
WASP-31b;0.478;1.549;3.4059096;0.04659;transit;2010;1200;1.16;6302
WASP-33b;4.1;1.497;1.2198669;0.02555;transit;2010;378.8;1.5;7430
WASP-34b;0.59;1.22;4.3176782;0.0524;transit;2010;390;1.01;5700
WASP-37b;1.8;1.16;3.577469;0.0446;transit;2010;1120;0.93;5800
WASP-38b;2.691;1.094;6.871815;0.07522;transit;2010;360;1.2;6150
COROT-16b;0.535;1.17;5.35227;0.0618;transit;2011;2700;1.1;5650
COROT-17b;2.43;1.02;3.7681;0.0461;transit;2011;3000;1.04;5740
COROT-18b;3.47;1.31;1.9000693;0.0295;transit;2011;2800;0.95;5440
COROT-19b;1.11;1.29;3.89713;0.0518;transit;2011;2500;1.21;6090
COROT-20b;4.24;0.84;9.24285;0.0902;transit;2011;4000;1.14;5880
COROT-23b;2.8;1.05;3.6313;0.048;transit;2011;2000;1.14;5900
HAT-P-27b;0.62;1.02;3.039577;0.04;transit;2011;670;0.94;5300
HAT-P-28b;0.626;1.212;3.257215;0.0434;transit;2011;1290;1.02;5680
HAT-P-29b;0.778;1.107;5.723186;0.0667;transit;2011;1050;1.21;6087
HAT-P-30b;0.711;1.34;2.810595;0.0419;transit;2011;630;1.24;6304
HAT-P-31b;2.171;1.07;5.005425;0.055;transit;2011;1150;1.22;6065
HAT-P-33b;0.762;1.686;3.474474;0.0499;transit;2011;1260;1.38;6446
HAT-P-34b;3.328;1.197;5.452654;0.0677;transit;2011;840;1.39;6442
HAT-P-35b;1.054;1.332;3.646706;0.0498;transit;2011;1740;1.24;6096
HAT-P-36b;1.832;1.264;1.327347;0.0238;transit;2011;1030;1.02;5560
HAT-P-37b;1.169;1.178;2.797436;0.0379;transit;2011;1340;0.93;5500
Kepler-10b;0.0145;0.132;0.837491;0.0172;transit;2011;560;0.91;5627
Kepler-12b;0.432;1.754;4.4379629;0.0553;transit;2011;2000;1.17;5947
Kepler-16b;0.333;0.754;228.776;0.7048;transit;2011;200;0.69;4450
Kepler-17b;2.45;1.31;1.4857108;0.02591;transit;2011;2600;1.16;5781
Kepler-20b;0.03052;0.167;3.69611525;0.0463;transit;2011;950;0.95;5495
Kepler-20c;0.04012;0.272;10.85409089;0.0949;transit;2011;950;0.95;5495
Kepler-20d;0.03168;0.245;77.61130017;0.3506;transit;2011;950;0.95;5495
Kepler-22b;0.113;0.212;289.8623;0.849;transit;2011;620;0.97;5518
Kepler-23b;0.8;0.17;7.1073;0.075;transit;2011;2600;1.11;5828
Kepler-23c;2.7;0.285;10.7421;0.099;transit;2011;2600;1.11;5828
Kepler-24b;1.6;0.214;8.1453;0.08;transit;2011;3900;1.03;5897
Kepler-24c;1.6;0.25;12.3335;0.106;transit;2011;3900;1.03;5897
Kepler-31c;4.7;0.473;42.6318;0.26;transit;2011;6800;1.21;6340
Kepler-32b;4.1;0.196;5.90124;0.05;transit;2011;990;0.58;3900
Kepler-32c;0.5;0.178;8.7522;0.09;transit;2011;990;0.58;3900
Kepler-34b;0.22;0.764;288.822;1.0896;transit;2011;4890;1.05;5913
Kepler-35b;0.127;0.728;131.458;0.60347;transit;2011;5370;0.89;5606
Kepler-39b;20.1;1.24;21.08721;0.164;transit;2011;3900;1.29;6350
Kepler-41b;0.56;1.29;1.8555582;0.03101;transit;2011;2500;1.15;5750
Kepler-43b;3.23;1.219;3.0240949;0.046;transit;2011;6400;1.32;6041
Kepler-44b;1;1.09;3.2467293;0.0446;transit;2011;7300;1.12;5800
Kepler-45b;0.505;0.96;2.455239;0.03;transit;2011;1090;0.59;3820
Kepler-70b;0.0014;0.068;0.240104;0.006;imaging;2011;3800;0.5;27730
Kepler-70c;0.0021;0.077;0.342887;0.0076;imaging;2011;3800;0.5;27730
TrES-5b;1.79;1.194;1.48224686;0.02459;transit;2011;1200;0.9;5171
WASP-36b;2.361;1.327;1.53736596;0.02677;transit;2011;1500;1.08;5959
WASP-39b;0.28;1.27;4.055259;0.0486;transit;2011;750;0.93;5400
WASP-43b;1.78;0.93;0.813475;0.0142;transit;2011;260;0.58;4400
WASP-50b;1.468;1.153;1.9550959;0.02945;transit;2011;750;0.89;5400
Gliese 3470 b;0.043;0.346;3.3366487;0.031;radial vel.;2012;82;0.51;3652
HAT-P-38b;0.267;0.825;4.640382;0.0523;transit;2012;810;0.89;5330
HAT-P-39b;0.599;1.571;3.54387;0.0509;transit;2012;2090;1.4;6430
HAT-P-40b;0.615;1.73;4.457243;0.0608;transit;2012;1630;1.51;6080
HAT-P-41b;0.8;1.685;2.694047;0.0426;transit;2012;1120;1.42;6390
HAT-P-42b;1.044;1.28;4.641878;0.0575;transit;2012;1460;1.18;5743
HAT-P-43b;0.662;1.281;3.332687;0.0443;transit;2012;1770;1.05;5645
HATS-1b;1.855;1.302;3.446459;0.0444;transit;2012;990;0.99;5870
KELT-1b;27.23;1.11;1.217514;0.02466;transit;2012;850;1.32;6518
KELT-2Ab;1.522;1.286;4.1137912;0.05496;transit;2012;405.2;1.31;6151
Kepler-21b;0.01598;0.146;2.78578;0.042717;transit;2012;370;1.41;6305
Kepler-30b;0.036;0.348;29.33434;0.18;transit;2012;4600;0.99;5498
Kepler-30c;2.01;1.097;60.323105;0.3;transit;2012;4600;0.99;5498
Kepler-30d;0.073;0.785;143.34394;0.5;transit;2012;4600;0.99;5498
Kepler-36b;0.014;0.133;13.83989;0.1153;transit;2012;1500;1.07;5911
Kepler-36c;0.025;0.328;16.23855;0.1283;transit;2012;1500;1.07;5911
Kepler-38b;0.384;0.384;105.599;0.4632;transit;2012;2000;0.94;5623
Kepler-46b;6;0.808;33.60134;0.1968;transit;2012;2790;0.9;5309
Kepler-47b;2;0.27;49.532;0.2962;transit;2012;4900;1.05;5636
Kepler-47c;28;0.411;303.137;0.991;transit;2012;4900;1.05;5636
Kepler-80b;0.0218;0.238;7.05246;0.0648;transit;2012;1160;0.73;4540
Kepler-80c;0.02121;0.244;9.52355;0.0792;transit;2012;1160;0.73;4540
PH1b;0.531;0.551;138.317;0.652;transit;2012;3300;1.53;6407
WASP-41b;0.94;1.18;3.052404;0.04;transit;2012;590;0.93;5545
WASP-42b;0.527;1.122;4.9816819;0.0561;transit;2012;520;0.95;5315
WASP-47b;1.21;1.15;4.16071;0.052;transit;2012;650;1.11;5576
WASP-49b;0.378;1.115;2.7817387;0.0379;transit;2012;550;0.94;5600
WASP-52b;0.46;1.27;1.7497798;0.0272;transit;2012;460;0.87;5000
WASP-54b;0.636;1.653;3.6936411;0.04987;transit;2012;650;1.21;6100
WASP-55b;0.627;1.335;4.4656291;0.0558;transit;2012;1100;1.16;6070
WASP-56b;0.571;1.092;4.617101;0.05458;transit;2012;830;1.03;5600
WASP-57b;0.644;1.05;2.83891856;0.03769;transit;2012;1480;0.89;5600
WASP-58b;0.89;1.37;5.01718;0.0561;transit;2012;980;0.94;5800
WASP-59b;0.863;0.775;7.919585;0.0697;transit;2012;410;0.72;4650
WASP-60b;0.514;0.86;4.3050011;0.0531;transit;2012;1300;1.08;5900
WASP-61b;2.06;1.24;3.8559;0.0514;transit;2012;1600;1.22;6320
WASP-62b;0.57;1.39;4.411953;0.0567;transit;2012;520;1.25;6280
WASP-63b;0.38;1.43;4.37809;0.0574;transit;2012;1100;1.32;5570
WASP-64b;1.271;1.271;1.5732918;0.02648;transit;2012;1100;1;5400
WASP-66b;2.32;1.39;4.086052;0.0546;transit;2012;1200;1.3;6580
WASP-67b;0.42;1.4;4.61442;0.0517;transit;2012;730;0.87;5240
WASP-71b;2.242;1.46;2.9036747;0.04619;transit;2012;1130;1.56;6059
WASP-72b;1.5461;1.27;2.2167421;0.03708;transit;2012;1100;1.39;6250
WASP-77Ab;1.76;1.21;1.3600309;0.024;transit;2012;300;1;5500
WASP-78b;0.89;1.7;2.17517632;0.0362;transit;2012;1800;1.17;6100
WASP-79b;0.9;2.09;3.6623866;0.0535;transit;2012;780;1.38;6600
WASP-80b;0.538;0.999;3.06785234;0.0344;transit;2012;200;0.58;4143
WTS-1b;4.01;1.49;3.352057;0.047;transit;2012;10000;1.2;6250
COROT-25b;0.27;1.08;4.86069;0.0578;transit;2013;3300;1.09;6040
COROT-26b;0.52;1.26;4.20474;0.0526;transit;2013;5400;1.09;5590
HATS-2b;1.345;1.168;1.354133;0.023;transit;2013;1200;0.88;5227
HATS-3b;1.071;1.381;3.547851;0.0485;transit;2013;1480;1.21;6351
KELT-3b;1.477;1.345;2.7033904;0.04122;transit;2013;580;1.28;6306
Kepler-62b;0.03;0.117;5.714932;0.0553;transit;2013;1200;0.69;4925
Kepler-62c;0.013;0.048;12.4417;0.0929;transit;2013;1200;0.69;4925
Kepler-62d;0.044;0.174;18.16406;0.12;transit;2013;1200;0.69;4925
Kepler-62e;0.113;0.144;122.3874;0.427;transit;2013;1200;0.69;4925
Kepler-62f;0.11;0.126;267.291;0.718;transit;2013;1200;0.69;4925
Kepler-63b;0.378;0.545;9.4341505;0.08;transit;2013;650;0.98;5576
Kepler-74b;0.63;0.96;7.340711;0.0781;transit;2013;4300;1.18;6000
Kepler-75b;10.1;1.05;8.8849116;0.0818;transit;2013;3700;0.91;5200
Kepler-77b;0.43;0.96;3.57878087;0.04501;transit;2013;1900;0.95;5520
Kepler-91b;0.81;1.367;6.24658;0.0731;transit;2013;3400;1.31;4550
POTS-1b;2.31;0.941;3.1606296;0.03734;transit;2013;3900;0.69;4400
WASP-65b;1.55;1.112;2.3114243;0.0334;transit;2013;1000;0.93;5600
WASP-75b;1.07;1.27;2.484193;0.0375;transit;2013;850;1.14;6100
COROT-22b;0.038;0.435;9.75598;0.092;transit;2014;1930;1.1;5939
COROT-24b;0.018;0.33;5.1134;0.056;transit;2014;2000;0.91;4950
COROT-24c;0.088;0.44;11.759;0.098;transit;2014;2000;0.91;4950
HAT-P-44b;0.352;1.242;4.301219;0.0507;transit;2014;1180;0.94;5295
HAT-P-45b;0.892;1.426;3.128992;0.0452;transit;2014;990;1.26;6330
HAT-P-46b;0.493;1.284;4.463129;0.0577;transit;2014;970;1.28;6120
HAT-P-49b;1.73;1.413;2.691548;0.0438;transit;2014;1050;1.54;6820
HATS-4b;1.323;1.02;2.516729;0.0362;transit;2014;1400;1;5403
HATS-5b;0.237;0.912;4.763387;0.0542;transit;2014;840;0.94;5304
HIP 116454 b;0.037;0.226;9.1205;0.0906;radial vel.;2014;180;0.78;5089
KELT-6b;0.442;1.18;7.8455821;0.08;transit;2014;720;1.13;6272
Kepler-31d;6.8;0.348;87.6451;0.4;transit;2014;6800;1.21;6340
Kepler-80d;0.02124;0.136;3.07222;0.0372;transit;2014;1160;0.73;4540
Kepler-80e;0.01299;0.143;4.64489;0.0491;transit;2014;1160;0.73;4540
Kepler-117b;0.094;0.719;18.7959228;0.1445;transit;2014;4700;1.13;6150
Kepler-117c;1.84;1.101;50.790391;0.2804;transit;2014;4700;1.13;6150
Kepler-289b;0.023;0.192;34.545;0.21;transit;2014;2300;1.08;5990
Kepler-289c;0.42;1.034;125.8518;0.51;transit;2014;2300;1.08;5990
Kepler-289d;0.013;0.239;66.0634;0.33;transit;2014;2300;1.08;5990
Kepler-412b;0.941;1.341;1.7208604;0.02897;transit;2014;3440;1.17;5750
Kepler-420Ab;1.45;0.94;86.647661;0.382;transit;2014;2900;0.99;5520
Kepler-423b;0.595;1.192;2.6843285;0.03585;transit;2014;2360;0.85;5560
Kepler-425b;0.25;0.978;3.79701816;0.0464;transit;2014;2100;0.93;5170
Kepler-426b;0.34;1.09;3.21751883;0.0414;transit;2014;2900;0.91;5725
Kepler-427b;0.29;1.23;10.290994;0.091;transit;2014;3600;0.96;5800
Kepler-428b;1.27;1.08;3.52563254;0.0433;transit;2014;2300;0.87;5150
WASP-28b;0.907;1.213;3.40883;0.04469;transit;2014;1300;1.02;6150
WASP-69b;0.26;1.057;3.8681382;0.04525;transit;2014;160;0.83;4715
WASP-70Ab;0.59;1.164;3.7130203;0.04853;transit;2014;800;1.11;5763
WASP-84b;0.694;0.942;8.5234865;0.0771;transit;2014;410;0.84;5314
WASP-94Ab;0.452;1.72;3.9501907;0.055;transit;2014;590;1.45;6153
WASP-103b;1.49;1.528;0.925542;0.01985;transit;2014;1500;1.22;6110
WASP-104b;1.272;1.137;1.7554137;0.02918;transit;2014;470;1.08;5475
WASP-106b;1.925;1.085;9.289715;0.0917;transit;2014;920;1.19;6055
WTS-2b;1.12;1.363;1.0187068;0.01855;transit;2014;3300;0.82;5000
COROT-28b;0.484;0.955;5.20851;0.0603;transit;2015;1800;1.01;5150
COROT-29b;0.85;0.9;2.85057;0.0386;transit;2015;2500;0.97;5260
HAT-P-50b;1.35;1.288;3.1220109;0.0453;transit;2015;1620;1.27;6280
HAT-P-51b;0.309;1.293;4.2180278;0.05069;transit;2015;1500;0.98;5449
HAT-P-52b;0.818;1.009;2.7535953;0.03694;transit;2015;1260;0.89;5131
HAT-P-53b;1.484;1.318;1.9616241;0.03159;transit;2015;2350;1.09;5956
HAT-P-54b;0.76;0.944;3.799847;0.04117;transit;2015;443;0.65;4390
HAT-P-55b;0.582;1.182;3.5852467;0.04604;transit;2015;1600;1.01;5808
HAT-P-56b;2.18;1.466;2.7908327;0.0423;transit;2015;1013;1.3;6566
HAT-P-57b;1.85;1.413;2.465295;0.0406;transit;2015;990;1.47;7500
HATS-6b;0.319;0.998;3.3252725;0.03623;transit;2015;484;0.57;3724
HATS-8b;0.138;0.873;3.583893;0.04667;transit;2015;2700;1.06;5679
HATS-9b;0.837;1.065;1.9153073;0.03048;transit;2015;2030;1.03;5366
HATS-10b;0.526;0.969;3.312846;0.04491;transit;2015;1620;1.1;5880
HATS-13b;0.543;1.212;3.0440499;0.04057;transit;2015;1550;0.96;5523
HATS-14b;1.071;1.039;2.7667641;0.03815;transit;2015;1670;0.97;5346
HD 219134 b;0.01491;0.143;3.092926;0.03876;radial vel.;2015;21.4;0.81;4699
HD 219134 c;0.01372;0.135;6.76458;0.0653;radial vel.;2015;21.4;0.81;4699
HD 219134 d;0.05088;0.144;46.859;0.237;radial vel.;2015;21.4;0.81;4699
HD 219134 f;0.02297;0.117;22.717;0.1463;radial vel.;2015;21.4;0.81;4699
K2-22b;1.4;0.223;0.381078;0.0088;transit;2015;730;0.6;3830
KELT-7b;1.28;1.533;2.7347749;0.04415;transit;2015;420;1.53;6789
KELT-8b;0.867;1.86;3.24406;0.04571;transit;2015;770;1.21;5754
KOI-12b;10;1.43;17.8552333;0.151;transit;2015;1390;1.45;6820
Kepler-432b;5.41;1.145;52.501129;0.301;transit;2015;2800;1.32;4995
Kepler-433b;2.82;1.45;5.33408384;0.0679;transit;2015;6100;1.46;6360
Kepler-434b;2.86;1.13;12.8747099;0.1143;transit;2015;4000;1.2;5977
Kepler-435b;0.84;1.99;8.6001536;0.0948;transit;2015;6800;1.54;6161
WASP-20b;0.311;1.462;4.8996284;0.06;transit;2015;680;1.2;5940
WASP-47d;0.05286;0.331;9.095;0.088;transit;2015;650;1.11;5576
WASP-47e;0.02863;0.162;0.789636;0.0173;transit;2015;650;1.11;5576
WASP-74b;0.95;1.56;2.13775;0.037;transit;2015;390;1.48;5970
WASP-82b;1.24;1.67;2.705782;0.0447;transit;2015;650;1.63;6490
WASP-83b;0.3;1.04;4.971252;0.059;transit;2015;980;1.11;5510
WASP-121b;1.184;1.81;1.27;0.02544;transit;2015;880;1.353;6460
BD+20 594 b;0.05129;0.199;41.6855;0.241;transit;2016;496;0.96;5766
HAT-P-65b;0.527;1.89;2.6054552;0.03951;transit;2016;2740;1.21;5835
HAT-P-66b;0.783;1.59;2.972086;0.04363;transit;2016;3020;1.25;6002
HATS-11b;0.85;1.51;3.6191613;0.04614;transit;2016;2950;1;6060
HATS-12b;2.38;1.35;3.142833;0.04795;transit;2016;3200;1.49;6408
HATS-15b;2.17;1.105;1.74748753;0.02712;transit;2016;2250;0.87;5311
HATS-16b;3.27;1.3;2.686502;0.03744;transit;2016;2520;0.97;5738
HATS-17b;1.338;0.777;16.254611;0.1308;transit;2016;1110;1.13;5846
HATS-18b;1.98;1.337;0.8378434;0.01761;transit;2016;2100;1.04;5600
HATS-25b;0.613;1.26;4.2986432;0.05163;transit;2016;1520;0.99;5715
HATS-26b;0.65;1.75;3.3023881;0.04735;transit;2016;2960;1.3;6071
HATS-27b;0.53;1.5;4.637038;0.0611;transit;2016;2700;1.42;6438
HATS-28b;0.672;1.194;3.1810781;0.04131;transit;2016;1700;0.93;5498
HATS-29b;0.653;1.251;4.6058749;0.05475;transit;2016;1140;1.03;5670
HATS-30b;0.706;1.175;3.1743516;0.04354;transit;2016;1110;1.09;5943
HATS-31b;0.88;1.64;3.37796;0.0478;transit;2016;2840;1.27;6050
HATS-32b;0.92;1.249;2.8126548;0.04024;transit;2016;2740;1.1;5700
HATS-33b;1.192;1.23;2.5495551;0.03727;transit;2016;830;1.06;5659
HATS-34b;0.941;1.43;2.1061607;0.03166;transit;2016;1740;0.95;5380
HATS-35b;1.222;1.464;1.8209993;0.03199;transit;2016;1820;1.32;6300
K2-29b;0.73;1.19;3.2588321;0.04217;transit;2016;600;0.94;5358
K2-30b;0.579;1.039;4.098503;0.04839;transit;2016;910;0.9;5425
K2-34b;1.76;1.35;2.995607;0.04419;transit;2016;1230;1.28;6132
K2-39b;0.12522;0.509;4.60497;0.0574;transit;2016;972.5;1.19;4912
K2-95b;0.03458;0.31;10.13389;0.0653;transit;2016;560;0.36;3471
K2-98b;0.10131;0.384;10.13675;0.0943;transit;2016;1420;1.07;6120
K2-99b;0.97;1.29;18.249;0.159;transit;2016;1980;1.6;5990
KELT-4Ab;0.902;1.699;2.9895932;0.04317;transit;2016;680;1.2;6206
KELT-10b;0.679;1.399;4.1662739;0.0525;transit;2016;600;1.11;5948
KELT-14b;1.284;1.743;1.7100566;0.03005;transit;2016;870;1.24;5720
KELT-15b;0.91;1.443;3.329441;0.04613;transit;2016;950;1.18;6003
KELT-17b;1.31;1.525;3.0801716;0.04881;transit;2016;680;1.64;7454
Kepler-539b;0.97;0.747;125.63243;0.4988;transit;2016;1020;1.05;5820
TRAPPIST-1b;0.00267;0.097;1.51087081;0.01111;transit;2016;39;0.08;2559
TRAPPIST-1c;0.00434;0.094;2.4218233;0.01521;transit;2016;39;0.08;2559
TRAPPIST-1d;0.00129;0.069;4.04961;0.02144;transit;2016;39;0.08;2559
WASP-76b;0.92;1.83;1.809886;0.033;transit;2016;390;1.46;6250
WASP-90b;0.63;1.63;3.916243;0.0562;transit;2016;1100;1.55;6430
WASP-92b;0.805;1.461;2.1746742;0.0348;transit;2016;1700;1.19;6280
WASP-93b;1.47;1.597;2.7325321;0.04211;transit;2016;820;1.33;6700
WASP-113b;0.475;1.409;4.54216875;0.05885;transit;2016;1200;1.32;5890
WASP-114b;1.769;1.339;1.5487743;0.02851;transit;2016;1500;1.29;5940
WASP-118b;0.514;1.44;4.0460435;0.05453;transit;2016;820;1.32;6410
WASP-119b;1.23;1.4;2.49979;0.0363;transit;2016;1090;1.02;5650
WASP-120b;4.85;1.473;3.6112706;0.0514;transit;2016;1430;1.39;6450
WASP-121b;1.183;1.865;1.2749255;0.02544;transit;2016;880;1.35;6459
WASP-123b;0.899;1.318;2.9776412;0.04263;transit;2016;700;1.17;5740
WASP-124b;0.6;1.24;3.37265;0.0449;transit;2016;1410;1.07;6050
WASP-126b;0.28;0.96;3.2888;0.0449;transit;2016;760;1.12;5800
WASP-127b;0.18;1.37;4.178062;0.052;transit;2016;330;1.08;5620
WASP-129b;1;0.93;5.748145;0.0628;transit;2016;800;1;5900
WASP-130b;1.23;0.89;11.55098;0.1012;transit;2016;590;1.04;5625
WASP-131b;0.27;1.22;5.322023;0.0607;transit;2016;820;1.06;6030
WASP-132b;0.41;0.87;7.133521;0.067;transit;2016;390;0.8;4775
WASP-133b;1.16;1.21;2.176423;0.0345;transit;2016;1780;1.16;5700
WASP-135b;1.9;1.3;1.4013794;0.0243;transit;2016;980;0.98;5675
WASP-136b;1.51;1.38;5.215357;0.0661;transit;2016;530;1.41;6260
WASP-138b;1.22;1.09;3.634433;0.0494;transit;2016;1000;1.22;6272
WASP-139b;0.117;0.8;5.924262;0.062;transit;2016;750;0.92;5310
WASP-140b;2.44;1.44;2.2359835;0.0323;transit;2016;590;0.9;5260
WASP-141b;2.69;1.21;3.310651;0.0469;transit;2016;1900;1.25;5900
WASP-142b;0.84;1.53;2.052868;0.0347;transit;2016;2700;1.33;6010
XO-6b;4.4;2.07;3.7650007;0.0815;transit;2016;759;1.47;6720
HAT-P-67b;0.34;2.085;4.8101025;0.06505;transit;2017;1000;1.642;6406
HATS-22b;2.74;0.953;4.7228124;0.05025;transit;2017;678;0.76;4803
HATS-23b;1.47;1.86;2.1605156;0.03397;transit;2017;2440;1.12;5780
HATS-24b;2.44;1.487;1.3484954;0.02547;transit;2017;1700;1.21;6346
K2-105b;0.09439;0.369;8.266902;0.081;transit;2017;760;1.01;5434
K2-110b;0.0525;0.2312;13.86375;0.1021;transit;2017;385;0.74;5010
K2-111b;0.0271;0.17;5.35117;0.0621;transit;2017;680;0.88;5730
K2-113b;1.29;0.93;5.817608;0.0558;transit;2017;1800;1.01;5627
K2-114b;1.85;0.942;11.39109;0.09309;transit;2017;1570;0.83;5027
K2-115b;0.84;1.115;20.273034;0.1367;transit;2017;1360;0.83;5560
KELT-9b;2.88;1.891;1.4811235;0.03462;transit;2017;615.5;2.52;10170
KELT-11b;0.195;1.37;4.736529;0.06229;transit;2017;320;1.44;5370
KELT-16b;2.75;1.415;0.9689951;0.02044;transit;2017;1289.2;1.21;6236
LHS 1140 b;0.0209;0.128;24.73712;0.0875;transit;2017;40.7;0.15;3131
MASCARA-1b;3.7;1.5;2.14878;0.043;transit;2017;615.5;1.72;7554
TRAPPIST-1e;0.00195;0.082;6.099615;0.02817;transit;2017;39;0.08;2559
TRAPPIST-1f;0.00214;0.093;9.20669;0.0371;transit;2017;39;0.08;2559
TRAPPIST-1g;0.00422;0.101;12.35294;0.0451;transit;2017;39;0.08;2559
WASP-91b;1.34;1.03;2.798581;0.037;transit;2017;490;0.84;4920
WASP-151b;0.31;1.13;4.533471;0.055;transit;2017;1570;1.01;5871
WASP-153b;0.39;1.55;3.332609;0.048;transit;2017;1400;1.34;5914
WASP-156b;0.128;0.51;3.836169;0.0453;transit;2017;460;0.84;4910
